Type,Name,Request Count,Failure Count,Median Response Time,Average Response Time,Min Response Time,Max Response Time,Average Content Size,Requests/s,Failures/s,50%,66%,75%,80%,90%,95%,98%,99%,99.9%,99.99%,100%
POST,/auth/login,50,0,410.0,490.8697674202267,229.92170700308634,1474.0768970004865,546.0,0.05778182497006809,0.0,410,510,610,640,1000,1000,1500,1500,1500,1500,1500
GET,/datasets,3807,0,110.0,117.64415417861461,71.83462100510951,912.5175060034962,17005.0,4.399508153220984,0.0,110,120,130,130,160,180,210,230,720,910,910
POST,/forms/entries,1882,0,14,24.097847266802017,7.467807998182252,674.9350390018662,143.0,2.174907891873363,0.0,14,19,27,32,48,72,100,120,190,670,670
GET,/forms/tree,9605,0,130.0,136.58954069747793,81.23256000544643,1010.1930859964341,304667.0,11.09988857675008,0.0,130,140,150,160,180,210,240,280,640,1000,1000
GET,/groups,5850,0,130.0,148.16797740905392,89.31722799752606,1600.7691280028666,444.0,6.760473521497967,0.0,130,140,150,160,180,210,270,780,1200,1600,1600
,Aggregated,21194,0,120.0,127.22903360042254,7.467807998182252,1600.7691280028666,141264.43314145514,24.492559968312463,0.0,120,130,140,150,180,200,240,310,1000,1500,1600
