Type,Name,Request Count,Failure Count,Median Response Time,Average Response Time,Min Response Time,Max Response Time,Average Content Size,Requests/s,Failures/s,50%,66%,75%,80%,90%,95%,98%,99%,99.9%,99.99%,100%
POST,/auth/login,96,0,470.0,482.47302966666734,223.75994799999432,898.343079,546.0,0.6602704184208208,0.0,470,540,590,610,750,770,850,900,900,900,900
GET,/datasets,1113,0,140.0,175.00168795866966,49.56343599999968,798.0169389999929,17005.0,7.655010163566391,0.0,140,170,200,220,310,400,580,640,730,800,800
POST,/forms/entries,527,0,31,83.29515115749489,7.659123000024692,828.6735459999903,143.0,3.624609484455964,0.0,31,59,92,110,230,370,550,710,830,830,830
GET,/forms/tree,2739,0,160.0,191.4083564819278,54.92129700002124,766.513162999999,260771.0,18.838340375569043,0.0,160,190,220,250,330,410,540,600,750,770,770
GET,/groups,1790,0,170.0,214.27352701284886,66.7711620000091,1040.0429510000038,1850.0,12.311292176804889,0.0,170,200,240,270,370,480,600,850,1000,1000,1000
,Aggregated,6265,0,150.0,190.3923281664808,7.659123000024692,1040.0429510000038,117576.63383878692,43.08952261881711,0.0,150,190,220,250,350,460,590,700,970,1000,1000
